['1', '3', '677873400', '8', 'apre', 'avion', 'baton', 'billet', 'com', 'email', 'epongo', 'gmail', 'mois', 'pai', 'procedur', 'samy', 'samyepongo', 'schengen', 'skyp', 'tel', 'uniqu', 'vis'];1
['2milion', 'a', 'algildy', 'algildysmultiservic', 'b', 'belgiqu', 'com', 'deux', 'fr', 'franc', 'gmail', 'holland', 'nigeri', 'ouvert', 'pass', 'reseau', 'semain', 'shengen', 'tchad', 'tourist', 'vis', 'voyageur', 'yahoo'];1
['000', '220', 'a', 'aid', 'and', 'bet', 'bonjour', 'call', 'cameroun', 'can', 'car', 'channel', 'comm', 'comment', 'concurrentiel', 'contact', 'databas', 'diaspor', 'débatton', 'dédi', 'email', 'explain', 'fair', 'fix', 'fonction', 'for', 'giv', 'hav', 'hello', 'help', 'hésit', 'ignor', 'just', 'lack', 'le', 'mainten', 'march', 'messager', 'offrant', 'our', 'plus', 'pouvon', 'princip', 'prix', 'reviennent', 'réseau', 'sal', 'san', 'serveur', 'through', 'traver', 'us', 'valeur', 'vehicul', 'vendon', 'vendr', 'vi', 'véhicul', 'we', 'will', 'you', 'écoul', 'état'];1
['9001', 'accompagn', 'agro', 'architectur', 'audit', 'autr', 'certif', 'cher', 'concept', 'disposit', 'docu', 'documentair', 'domain', 'entrepris', 'etc', 'exig', 'identif', 'industriel', 'ingénieur', 'intern', 'iso', 'manag', 'manager', 'manuel', 'norm', 'object', 'processus', 'procédur', 'projet', 'qualit', 'relat', 'réalis', 'rédact', 'smq', 'spécialis', 'tout', 'tâch'];1
['000', '01', '11h', '15h', '16h', '2015', '676506397', '7h30', '80', 'adress', 'appel', 'avant', 'bon', 'casting', 'criter', 'cv', 'demand', 'détermin', 'entretien', 'envoi', 'festival', 'fill', 'foir', 'fr', 'humanitair', 'hôpital', 'hôtess', 'juin', 'kevinelavoin', 'le', 'lieu', 'lund', 'minimum', 'mme', 'moch', 'mois', 'moral', 'obten', 'ong', 'orphelinat', 'plus', 'prison', 'recrut', 'rend', 'reçus', 'salair', 'salon', 'yahoo', 'à12h', 'éven'];1
['1', '2', '674182697', '691547672', '8', '80mill', 'a', 'appart', 'barri', 'chambr', 'commiss', 'cuisin', 'douch', 'forag', 'immobili', 'lou', 'makep', 'mois', 'parking', 'salon', 'étag'];1
['1', '10', '2mois', '50mill', '674182697', '691547672', 'a', 'barri', 'caummitt', 'caution', 'chambr', 'climatiseur', 'douch', 'forag', 'grand', 'gratuit', 'immobili', 'lit', 'makep', 'meubl', 'modern', 'mois', 'parking'];1
['a', 'acces', 'avis', 'bienvenu', 'canad', 'chercheur', 'diplôm', 'découvr', 'emploi', 'emplois', 'entrepris', 'etc', 'format', 'group', 'lavalin', 'mois', 'offron', 'opportun', 'préoccup', 'recrut', 'rejoign', 'renseign', 'réseau', 'san', 'servic', 'simpl', 'sis', 'snc', 'sollicit', 'souhaiton', 'suggest', 'suit', 'tout', 'tres', 'usa', 'ven', 'veuill', 'vit', 'étudi'];1
['apres', 'cherch', 'chypr', 'fiabl', 'malt', 'reseau', 'réseau', 'sold', 'vis'];1
['2', 'ajout', 'apres', 'auss', 'cherch', 'chypr', 'fiabl', 'letton', 'malt', 'obtent', 'pay', 'peut', 'reseau', 'réseau', 'sold', 'veux', 'vis'];1
['apres', 'cherch', 'chypr', 'malt', 'obtent', 'reseau', 'réseau', 'sold', 'vis'];1
['229', '29', '3', '61258718', 'a', 'achat', 'affect', 'aid', 'amour', 'an', 'apport', 'apre', 'argent', 'benin', 'bonjour', 'bresil', 'capacit', 'chanc', 'chang', 'chef', 'com', 'commerc', 'concour', 'confidentialit', 'connu', 'consult', 'discret', 'dispos', 'divinit', 'domain', 'don', 'efficac', 'efficacit', 'egal', 'etc', 'eton', 'etud', 'examen', 'excellent', 'experient', 'familial', 'garant', 'gloir', 'gloireretour', 'gmail', 'guer', 'guerisseur', 'haut', 'hereditair', 'immediat', 'init', 'jour', 'just', 'justic', 'le', 'macumb', 'magiqu', 'mail', 'malad', 'marabout', 'medecin', 'medium', 'monnai', 'naissanc', 'papahoundazanmin', 'port', 'pos', 'pouvoir', 'problem', 'professionnel', 'promot', 'question', 'quotidien', 'rapid', 'repons', 'resultat', 'retour', 'richess', 'richesseport', 'social', 'solut', 'sorci', 'sort', 'sortileg', 'special', 'specialis', 'suprem', 'surnaturel', 'tarif', 'telephon', 'tous', 'tout', 'traditionnel', 'traval', 'tre', 'vaudou', 'vent', 'vi', 'voi', 'voyag'];1
['2000', '2000fcfa', '27', '696734057', 'a', 'bien', 'boko', 'construct', 'contact', 'dit', 'e', 'fcfa', 'immobili', 'immédiat', 'k', 'le', 'lieu', 'm2', 'nu', 'pk', 'pk27', 'plac', 'plat', 'possibil', 'superfic', 'terrain', 'titr', 'tres', 'vast', 'vendr'];1
['2500', '27', '696734057', 'a', 'boko', 'construir', 'contact', 'dej', 'dit', 'e', 'fcfa', 'immobili', 'immédiat', 'k', 'le', 'lieu', 'm2', 'pk', 'possibilit', 'terrain', 'titr', 'vast', 'vendr'];1
['0', '10', '30', '40', '5', '7640313', 'a', 'affili', 'argent', 'bien', 'bon', 'cliqu', 'clixsenc', 'clixsens', 'com', 'dollar', 'domicil', 'enquet', 'fair', 'gagn', 'inscriv', 'lien', 'mois', 'opportun', 'pouv', 'recrut', 'travaill', 'vi', 'www'];1
['00237697265043', 'a', 'appel', 'avoir', 'bordeau', 'concern', 'connaitr', 'espac', 'europeen', 'grac', 'inform', 'le', 'mariag', 'modalit', 'nationalit', 'passeport', 'prix', 'schengen', 'voyag'];1
['a', 'apre', 'avoir', 'contact', 'espac', 'europeen', 'europen', 'garant', 'grac', 'homm', 'inform', 'le', 'mariag', 'modalit', 'nationalit', 'obten', 'opportunit', 'passeport', 'prix', 'schengen', 'vis', 'voyag'];1
['1600', '1700', 'acces', 'accèssurmesur', 'actuel', 'administr', 'ajout', 'appliqu', 'assur', 'band', 'besoin', 'bout', 'channel', 'cisco', 'cisco1600', 'comm', 'concept', 'connex', 'constitu', 'conçu', 'correspond', 'coût', 'cryptag', 'csu', 'dat', 'don', 'donnéesidéalepourlesentreprisesetlessuccursalesdepetit', 'dsu', 'débitt1', 'enbout', 'entraîn', 'exploit', 'facil', 'fait', 'feu', 'fonction', 'gamm', 'grâc', 'install', 'integr', 'invest', 'larg', 'le', 'leur', 'logiciel', 'lorsqu', 'modulair', 'multimédi', 'network', 'nombreux', 'not', 'nouveau', 'optimis', 'option', 'optionwan', 'par', 'pass', 'priv', 'propr', 'puis', 'péren', 'qos', 'qualit', 'routeur', 'réduit', 'réseau', 'sent', 'ser', 'servic', 'solut', 'soupless', 'spécial', 'support', 'surlesuccèsdelagammecisco1600lagammed', 'sécur', 'taill', 'terminaisonnt1', 'termination1', 'total', 'tout', 'unit', 'utilis', 'utilisateurspeuventsecréerunesolutiond', 'virtuel', 'voix', 'vpn', 'wan', 'économ', 'élabor', 'évolu'];1
['100', '14hr', '15', '2015', '30', '652324339', '693433666', 'a', 'allemagn', 'appel', 'auss', 'belgiqu', 'canad', 'carrefour', 'cas', 'chauffeur', 'consultancy', 'contact', 'dat', 'demand', 'depot', 'dispo', 'domicil', 'dosi', 'dubaikuw', 'défil', 'etudi', 'europ', 'fait', 'fill', 'film', 'fin', 'fonjeng', 'franc', 'franqu', 'homm', 'hôtel', 'jeun', 'juin', 'lanc', 'le', 'lim', 'mod', 'mr', 'partenariat', 'pay', 'pet', 'prix', 'recrut', 'restaur', 'scalom', 'serveux', 'servic', 'si', 'situ', 'smswattsapp', 'souhait', 'structur', 'suiv', 'swiss', 'sécur', 'tant', 'tel', 'tonnag', 'travaill', 'travailleur', 'trevor', 'vis', 'établ', 'étrang', 'étud', 'étudi', 'évolu', 'être'];1
['1kg', '27719862563', '27786655025', 'activ', 'all', 'and', 'are', 'avail', 'both', 'buyer', 'call', 'com', 'compound', 'email', 'embalming', 'for', 'form', 'from', 'general', 'germany', 'gmail', 'hag', 'hot', 'in', 'it', 'item', 'jiannzol', 'kilogram', 'looking', 'not', 'pink', 'powd', 'radio', 'rmbalming', 'sel', 'serious', 'starting', 'up', 'we', 'werken', 'whit', 'word'];1
['655515498', 'a', 'agenc', 'assur', 'bas', 'bénéfic', 'compagn', 'contact', 'dam', 'discret', 'disposit', 'doualal', 'escort', 'fill', 'genr', 'girl', 'grand', 'hardcor', 'inscriv', 'kamasoutr', 'levret', 'metton', 'missionair', 'moment', 'pass', 'peut', 'plais', 'propr', 'quelqu', 'respons', 'seminair', 'servic', 'sex', 'sodo', 'tout', 'voul', 'voyag', 'être'];1
['673159465', 'a', 'aucun', 'avanc', 'avant', 'avoir', 'bel', 'belgiqu', 'comm', 'condit', 'contact', 'demand', 'faison', 'franc', 'jusqu', 'luxembourg', 'obtent', 'opportun', 'passeport', 'rest', 'rien', 'réclam', 'salut', 'tous', 'valid', 'vis', 'voyag'];1
['161456823742', '19142698045', '1y6', '2015', '402', '6320', '6an', 'administr', 'adress', 'afin', 'alor', 'ancien', 'arméeélectricienscarreleursmenuisiersmatelassiersjardiniersmécaniciensplombiersménagèrestechnicienspeintrescoiffeurscoiff', 'assist', 'assur', 'attent', 'aucun', 'autr', 'avion', 'bar', 'bien', 'billet', 'but', 'canad', 'ceux', 'chauffeur', 'cher', 'chômag', 'clarif', 'claud', 'club', 'com', 'compagn', 'company', 'complémentair', 'compréhens', 'concrétis', 'contr', 'contrat', 'coordon', 'couturi', 'cuisini', 'côt', 'demand', 'demandon', 'différent', 'dir', 'direct', 'directeur', 'disent', 'docu', 'dossi', 'dynam', 'déjà', 'développ', 'ect', 'email', 'entrepris', 'entretien', 'expériencesagent', 'fax', 'femm', 'fois', 'fourn', 'frais', 'garant', 'ger', 'gmail', 'général', 'h3t', 'inform', 'international', 'laiss', 'lanc', 'le', 'limit', 'log', 'loin', 'lutt', 'là', 'maçon', 'moin', 'mâl', 'nb', 'neig', 'nutrit', 'offre', 'ouvr', 'p', 'pai', 'parviennent', 'pauvret', 'pay', 'person', 'personnel', 'petroleum', 'port', 'post', 'postul', 'premi', 'pres', 'producteur', 'programm', 'puis', 'qc', 'quoi', 'recrut', 'remarqu', 'sach', 'sag', 'servic', 'sit', 'soudeur', 'suit', 'suiv', 'sécuritesd', 'tel', 'tenon', 'tout', 'trait', 'travail', 'travaill', 'ucpsvc', 'uniqu', 'united', 'v', 'vancouv', 'veuill', 'vis', 'voil', 'wilson', 'écrir', 'écrit', 'élabor'];1
['27788383280', 'a', 'african', 'aid', 'all', 'also', 'am', 'amp', 'an', 'ancestor', 'and', 'anything', 'are', 'at', 'attract', 'bad', 'be', 'befor', 'belief', 'blood', 'broken', 'by', 'call', 'can', 'card', 'cas', 'cast', 'cerebrat', 'certif', 'children', 'client', 'com', 'connect', 'correspond', 'court', 'craft', 'debt', 'deceased', 'different', 'divorc', 'do', 'doctor', 'domestic', 'dr', 'dream', 'drmuntur', 'early', 'ejacul', 'email', 'enlarg', 'etc', 'even', 'evil', 'experienced', 'expert', 'failed', 'family', 'friend', 'from', 'fully', 'futur', 'gambling', 'get', 'gmail', 'greatest', 'guidanc', 'has', 'he', 'heal', 'healed', 'healer', 'healing', 'help', 'herb', 'his', 'hiv', 'i', 'illness', 'infect', 'issu', 'jealousy', 'job', 'join', 'just', 'long', 'loss', 'lost', 'lov', 'luck', 'magic', 'mak', 'many', 'marriag', 'memb', 'miracl', 'mirror', 'mor', 'most', 'muntur', 'need', 'of', 'only', 'or', 'other', 'over', 'palm', 'pen', 'peopl', 'play', 'poverty', 'powerful', 'pregnancy', 'pressur', 'problem', 'promot', 'read', 'reading', 'religious', 'rest', 'say', 'sexual', 'sickness', 'skin', 'solv', 'spel', 'spir', 'spiritual', 'strong', 'sur', 'talk', 'tel', 'that', 'the', 'this', 'through', 'tired', 'to', 'today', 'traditional', 'troubl', 'use', 'wat', 'way', 'we', 'weakness', 'wel', 'which', 'who', 'witch', 'with', 'work', 'world', 'you', 'your'];1
['000', '000f', '000fcfa', '1200', '15', '170', '2', '25', '300', '4x4', '699814655', '7', '800', '850', 'a', 'aid', 'an', 'apre', 'argent', 'aucun', 'avanc', 'avion', 'bahrein', 'barhein', 'besoin', 'billet', 'bloqu', 'casi', 'certificat', 'cfa', 'com', 'contact', 'cop', 'couleur', 'cv', 'del', 'depens', 'dubaibarhein', 'dur', 'e', 'egal', 'etc', 'f', 'fcfa', 'femm', 'fourn', 'gmail', 'homm', 'inclu', 'inclus', 'jour', 'judiciair', 'just', 'mail', 'max', 'maçon', 'medical', 'menagesnounou', 'minimum', 'mois', 'monthorebconsulting', 'nb', 'obtent', 'opportunit', 'pai', 'passport', 'photo', 'piec', 'plein', 'plombierscharpentierscarreleursmenusi', 'possibl', 'qatar', 'recept', 'rien', 'salair', 'savoir', 'seul', 'soign', 'séjour', 'tout', 'travail', 'travaill', 'uae', 'urgenc', 'urgent', 'vis', 'électricien'];1
['161456823742', '19142698045', '1y6', '2015', '402', '6320', '6an', 'administr', 'adress', 'afin', 'alor', 'ancien', 'arméeélectricienscarreleursmenuisiersmatelassiersjardiniersmécaniciensplombiersménagèrestechnicienspeintrescoiffeurscoiff', 'assist', 'assur', 'attent', 'aucun', 'autr', 'avion', 'bar', 'bien', 'billet', 'but', 'canad', 'ceux', 'chauffeur', 'cher', 'chômag', 'clarif', 'claud', 'club', 'com', 'compagn', 'company', 'complémentair', 'compréhens', 'concrétis', 'contr', 'contrat', 'coordon', 'couturi', 'cuisini', 'côt', 'demand', 'demandon', 'différent', 'dir', 'direct', 'directeur', 'disent', 'docu', 'dossi', 'dynam', 'déjà', 'développ', 'ect', 'email', 'entrepris', 'entretien', 'expériencesagent', 'fax', 'femm', 'fois', 'fourn', 'frais', 'garant', 'ger', 'gmail', 'général', 'h3t', 'inform', 'international', 'laiss', 'lanc', 'le', 'limit', 'log', 'loin', 'lutt', 'là', 'maçon', 'moin', 'mâl', 'nb', 'neig', 'nutrit', 'offre', 'ouvr', 'p', 'pai', 'parviennent', 'pauvret', 'pay', 'person', 'personnel', 'petroleum', 'port', 'post', 'postul', 'premi', 'pres', 'producteur', 'programm', 'puis', 'qc', 'quoi', 'recrut', 'remarqu', 'sach', 'sag', 'servic', 'sit', 'soudeur', 'suit', 'suiv', 'sécuritesd', 'tel', 'tenon', 'tout', 'trait', 'travail', 'travaill', 'ucpsvc', 'uniqu', 'united', 'v', 'vancouv', 'veuill', 'vis', 'voil', 'wilson', 'écrir', 'écrit', 'élabor'];1
['161456823742', '19142698045', '1y6', '2015', '402', '6320', '6an', 'administr', 'adress', 'afin', 'alor', 'ancien', 'arméeélectricienscarreleursmenuisiersmatelassiersjardiniersmécaniciensplombiersménagèrestechnicienspeintrescoiffeurscoiff', 'assist', 'assur', 'attent', 'aucun', 'autr', 'avion', 'bar', 'bien', 'billet', 'but', 'canad', 'ceux', 'chauffeur', 'cher', 'chômag', 'clarif', 'claud', 'club', 'com', 'compagn', 'company', 'complémentair', 'compréhens', 'concrétis', 'contr', 'contrat', 'coordon', 'couturi', 'cuisini', 'côt', 'demand', 'demandon', 'différent', 'dir', 'direct', 'directeur', 'disent', 'docu', 'dossi', 'dynam', 'déjà', 'développ', 'ect', 'email', 'entrepris', 'entretien', 'expériencesagent', 'fax', 'femm', 'fois', 'fourn', 'frais', 'garant', 'ger', 'gmail', 'général', 'h3t', 'inform', 'international', 'laiss', 'lanc', 'le', 'limit', 'log', 'loin', 'lutt', 'là', 'maçon', 'moin', 'mâl', 'nb', 'neig', 'nutrit', 'offre', 'ouvr', 'p', 'pai', 'parviennent', 'pauvret', 'pay', 'person', 'personnel', 'petroleum', 'port', 'post', 'postul', 'premi', 'pres', 'producteur', 'programm', 'puis', 'qc', 'quoi', 'recrut', 'remarqu', 'sach', 'sag', 'servic', 'sit', 'soudeur', 'suit', 'suiv', 'sécuritesd', 'tel', 'tenon', 'tout', 'trait', 'travail', 'travaill', 'ucpsvc', 'uniqu', 'united', 'v', 'vancouv', 'veuill', 'vis', 'voil', 'wilson', 'écrir', 'écrit', 'élabor'];1
['161456823742', '19142698045', '1y6', '2015', '402', '6320', '6an', 'administr', 'adress', 'afin', 'alor', 'ancien', 'arméeélectricienscarreleursmenuisiersmatelassiersjardiniersmécaniciensplombiersménagèrestechnicienspeintrescoiffeurscoiff', 'assist', 'assur', 'attent', 'aucun', 'autr', 'avion', 'bar', 'bien', 'billet', 'but', 'canad', 'ceux', 'chauffeur', 'cher', 'chômag', 'clarif', 'claud', 'club', 'com', 'compagn', 'company', 'complémentair', 'compréhens', 'concrétis', 'contr', 'contrat', 'coordon', 'couturi', 'cuisini', 'côt', 'demand', 'demandon', 'différent', 'dir', 'direct', 'directeur', 'disent', 'docu', 'dossi', 'dynam', 'déjà', 'développ', 'ect', 'email', 'entrepris', 'entretien', 'expériencesagent', 'fax', 'femm', 'fois', 'fourn', 'frais', 'garant', 'ger', 'gmail', 'général', 'h3t', 'inform', 'international', 'laiss', 'lanc', 'le', 'limit', 'log', 'loin', 'lutt', 'là', 'maçon', 'moin', 'mâl', 'nb', 'neig', 'nutrit', 'offre', 'ouvr', 'p', 'pai', 'parviennent', 'pauvret', 'pay', 'person', 'personnel', 'petroleum', 'port', 'post', 'postul', 'premi', 'pres', 'producteur', 'programm', 'puis', 'qc', 'quoi', 'recrut', 'remarqu', 'sach', 'sag', 'servic', 'sit', 'soudeur', 'suit', 'suiv', 'sécuritesd', 'tel', 'tenon', 'tout', 'trait', 'travail', 'travaill', 'ucpsvc', 'uniqu', 'united', 'v', 'vancouv', 'veuill', 'vis', 'voil', 'wilson', 'écrir', 'écrit', 'élabor'];1
['000', '1168753', '200', '_blank', 'a', 'adress', 'ais', 'argent', 'barr', 'cfa', 'christellerobert', 'coll', 'com', 'commenc', 'complet', 'cop', 'enqueteok', 'f', 'fair', 'fin', 'gagn', 'gmail', 'href', 'http', 'infos', 'jour', 'jusqu', 'just', 'lien', 'minut', 'mois', 'moyen', 'nofollow', 'plus', 'quatr', 'quelqu', 'questionnair', 'ref', 'rel', 'rempl', 'rendr', 'revenus', 'simpl', 'sit', 'suppl', 'target', 'tout', 'travaill', 'voic'];1
['000', '2', '237', '25', '3', '38', '678', '94', 'appel', 'apre', 'apres', 'aujourd', 'bon', 'canad', 'compétit', 'contact', 'cordial', 'destin', 'dossi', 'défi', 'détaill', 'e', 'endroit', 'enregistr', 'entre', 'entré', 'espac', 'etudi', 'faciliton', 'fcfa', 'frais', 'hui', 'inform', 'le', 'mail', 'mainten', 'moment', 'multipl', 'natur', 'ndoumb', 'négoci', 'obtent', 'pai', 'plus', 'prix', 'sam', 'samuel', 'schengen', 'selon', 'tous', 'tout', 'travaill', 'usa', 'varient', 'vis', 'vivr', 'voul', 'voyag', 'étudi'];1
['1', '100', '15', '1er', '2015', '2d', '2em', '30', '31', '3d', '3em', '4', '4em', 'adult', 'africain', 'amp', 'aout', 'associ', 'autr', 'bien', 'bureaut', 'commercial', 'comptabl', 'création', 'découvr', 'développ', 'enfant', 'excel', 'format', 'gestion', 'grand', 'immobilis', 'infograph', 'internet', 'jeun', 'jeuness', 'juillet', 'juin', 'm', 'microsoft', 'modul', 'my', 'organis', 'ouvert', 'pai', 'partenariat', 'partn', 'powerpoint', 'professionnel', 'project', 'public', 'publish', 'périod', 'saar', 'sag', 'sept', 'session', 'sit', 'societ', 'spss', 'word', 'ère'];1
['2000', '650660475', '699463542', 'a', 'absten', 'bien', 'blagueur', 'boko', 'construct', 'dit', 'ete', 'fair', 'fran', 'immediat', 'interess', 'lieu', 'm2', 'pk27', 'si', 'sign', 'superfic', 'terrain', 'vast', 'vendr', 'vouloir'];1
['000', '1', '100', '1000', '500', 'allemagn', 'ambassad', 'appel', 'aucun', 'avant', 'belgiqu', 'charg', 'contact', 'cout', 'deux', 'différent', 'dossi', 'europ', 'faison', 'fait', 'fcfa', 'fr', 'frais', 'franc', 'ital', 'lanc', 'le', 'myrafrik', 'notari', 'pai', 'parven', 'pass', 'passeport', 'pay', 'prenon', 'procédur', 'protocol', 'puis', 'semain', 'sign', 'sort', 'suiv', 'sûr', 'téléphon', 'uk', 'usa', 'vis', 'voic', 'voyag', 'yahoo'];1
['2', 'abord', 'acquer', 'affair', 'aidon', 'aim', 'annuel', 'assez', 'avoir', 'bon', 'capabl', 'capital', 'confianc', 'conseil', 'consult', 'cred', 'dign', 'désir', 'email', 'emprunt', 'etant', 'fair', 'financ', 'financi', 'fr', 'gen', 'grand', 'group', 'honnêt', 'intérêt', 'invest', 'liv', 'longu', 'octroyon', 'offre', 'particulier1', 'person', 'pret', 'professionnel', 'projet', 'prêt', 'rembours', 'rentabl', 'respons', 'ressourc', 'souh', 'sérieux', 'taux', 'term', 'tout', 'tres', 'usag'];1
['100', '4', '_blank', 'a', 'accept', 'advanc', 'also', 'and', 'are', 'at', 'bann', 'bookmark', 'cart', 'cash', 'click', 'com', 'do', 'donat', 'email', 'finish', 'for', 'germany', 'get', 'gmail', 'go', 'homeless', 'howard', 'howard0324', 'href', 'http', 'if', 'in', 'inform', 'insid', 'it', 'jigsy', 'just', 'lik', 'listed', 'looking', 'member', 'nofollow', 'not', 'of', 'onlin', 'pag', 'pay', 'paypal', 'plac', 'product', 'program', 'put', 'rel', 'sal', 'se', 'ship', 'shipping', 'shopping', 'support', 'tak', 'target', 'team', 'thank', 'that', 'the', 'then', 'thes', 'to', 'typ', 'up', 'veteran', 'volunteer', 'want', 'we', 'websit', 'weebly', 'when', 'wher', 'will', 'worldwid', 'would', 'yahoo', 'you', 'youngevity', 'your', 'zamzuu'];1
['1', '15', '18', '2', '3', '4', '45', 'a', 'acces', 'accompagn', 'acquisit', 'administr', 'adult', 'adéquat', 'ains', 'amen', 'an', 'anglais', 'approuv', 'assur', 'avoir', 'baccalauréat', 'besoin', 'bien', 'bk', 'bon', 'bours', 'but', 'cadr', 'canad', 'canadien', 'celui', 'comm', 'commun', 'compétent', 'condit', 'connaiss', 'construit', 'coordon', 'cour', 'demand', 'distinct', 'doit', 'domain', 'dont', 'décid', 'défens', 'ecol', 'enti', 'entre', 'envoi', 'esprit', 'etc', 'etud', 'fair', 'financ', 'fix', 'franc', 'gouvern', 'homm', 'inscir', 'inscript', 'international', 'jeun', 'lanc', 'le', 'mail', 'moin', 'mond', 'moral', 'nation', 'national', 'ni', 'niveau', 'nécessair', 'object', 'objet', 'paix', 'parl', 'part', 'partenair', 'pay', 'peupl', 'plus', 'possibl', 'potentiel', 'prendr', 'prof', 'programm', 'propos', 'prémi', 'rac', 'recrut', 'ru', 'répondr', 'san', 'sant', 'savoir', 'secretariat', 'sex', 'si', 'suff', 'titulair', 'tous', 'tout', 'unesco', 'unis', 'univers', 'universit', 'veut', 'vi', 'voul', 'écol', 'édit', 'éduc', 'élev', 'équit', 'étud', 'étudi', 'être'];1
['18', '27', '35', '36', '45', '51', '676', '697', '71', '74', 'a', 'assur', 'autr', 'bien', 'bours', 'bénéfici', 'caractérist', 'cel', 'cet', 'contact', 'couturedu', 'domain', 'esthet', 'festival', 'format', 'hotess', 'hôtess', 'informat', 'intéress', 'juillet', 'mannequinat', 'marketing', 'occas', 'ong', 'organis', 'plac', 'possed', 'pouront', 'recherch', 'requis', 'restaur', 'vouloir', 'éven'];1
['9662288752', 'advertising', 'ahmedabad', 'all', 'and', 'at', 'business', 'can', 'classified', 'com', 'company', 'contact', 'etc', 'find', 'good', 'gujarat', 'head', 'indi', 'job', 'offic', 'onlin', 'over', 'promot', 'running', 'servic', 'us', 'vision0517', 'vision2max', 'websit', 'www', 'you', 'your'];1
['_blank', 'a', 'and', 'badg', 'com', 'for', 'great', 'hav', 'href', 'http', 'label', 'manag', 'need', 'nofollow', 'of', 'offer', 'pass', 'passagepoint', 'product', 'rel', 'softwar', 'target', 'variety', 'velocity', 'velocitylabel', 'visitor', 'we', 'www', 'your'];1
['444m2', '650660475', '699463542', 'a', 'absten', 'angle', 'bien', 'blagueur', 'ete', 'fair', 'interess', 'plac', 'sad', 'si', 'sign', 'terrain', 'vendr', 'vouloir', 'yass'];1
['0', '0042', '10', '237', '5000fr', '675944723', '697730856', 'a', 'absent', 'acces', 'accessibl', 'accompagn', 'accord', 'activ', 'adress', 'adressent', 'affair', 'agenc', 'agent', 'agit', 'amélior', 'and', 'apport', 'approch', 'apres', 'assis', 'aujourd', 'avoir', 'bancair', 'bank', 'bas', 'besoin', 'bm', 'bon', 'cameroun', 'car', 'cart', 'cas', 'cec', 'cel', 'celui', 'chacun', 'chanc', 'chang', 'chaqu', 'chez', 'cibl', 'clientel', 'climat', 'com', 'combattr', 'combien', 'comm', 'comment', 'condit', 'contact', 'coordon', 'création', 'customer', 'dam', 'demand', 'demandeur', 'developp', 'deven', 'docu', 'doit', 'don', 'déjà', 'démarch', 'désir', 'développ', 'e', 'eligibl', 'emploi', 'engag', 'entendu', 'entrepreneur', 'entrepris', 'entré', 'environ', 'envisag', 'etc', 'exempl', 'exist', 'expliqu', 'facil', 'factur', 'fair', 'femm', 'financ', 'financi', 'fix', 'fonci', 'fonction', 'fond', 'format', 'frais', 'frankngok7', 'garant', 'germ', 'gmail', 'grand', 'géner', 'homm', 'http', 'hui', 'ici', 'ida', 'ident', 'idé', 'impôt', 'inform', 'innov', 'inscript', 'interet', 'jeun', 'journe', 'justif', 'kamen', 'le', 'leur', 'libératoir', 'localis', 'mail', 'manqu', 'mensuel', 'modalit', 'mois', 'mond', 'mondial', 'monsit', 'mont', 'mérit', 'national', 'nb', 'nich', 'nouveau', 'nouvel', 'opportun', 'oui', 'partag', 'partenair', 'partiel', 'person', 'personnel', 'peuvent', 'photocop', 'plus', 'plutôt', 'port', 'porteur', 'possibil', 'possibl', 'primat', 'princip', 'priorit', 'privilégient', 'produit', 'profit', 'projet', 'prévis', 'quel', 'quoi', 'raison', 'rejet', 'rembours', 'rempl', 'reussit', 'revenu', 'reçu', 'richess', 'risqu', 'ru', 'réalis', 'résident', 'rêv', 'sais', 'san', 'servic', 'si', 'simpl', 'sit', 'social', 'souscrir', 'souvent', 'subvent', 'subventionnon', 'succ', 'surevalu', 'surtout', 'sérieux', 'titr', 'tous', 'tout', 'transact', 'tres', 'trop', 'trouv', 'typ', 'valoris', 'vieux', 'vis', 'vivr', 'voic', 'web', 'wix', 'www', 'économ', 'établ', 'être'];1
['00237661717147', '00380933210829', '100', 'a', 'arnaqu', 'auss', 'bac', 'bas', 'cameroun', 'cher', 'com', 'confondu', 'contact', 'effic', 'email', 'fair', 'fiabl', 'franckngomp', 'moin', 'obten', 'owonfabric', 'pouv', 'processus', 'rapid', 'rappid', 'somm', 'tout', 'ukrain', 'vib', 'vis', 'wahtsapp', 'yahoo', 'ymail', 'étud', 'étudi', 'évit'];1
['000fcfa', '120', '150', '237695446762', '4', 'a', 'assur', 'avion', 'b', 'babysittersmenagerescuisinier', 'besoin', 'billet', 'blanc', 'contact', 'contrat', 'cop', 'couleur', 'cv', 'dub', 'dubaiau', 'employeur', 'entier', 'examen', 'fond', 'fourn', 'garant', 'housemaid', 'koweit', 'koweitoman', 'limit', 'log', 'medical', 'nombr', 'nutrit', 'oman', 'passeport', 'photo', 'photos', 'piec', 'plac', 'qatar', 'salair', 'travail', 'urgent', 'vis'];1
['00237697265043', 'appel', 'avoir', 'bordeau', 'circul', 'condit', 'connaitr', 'etat', 'europ', 'europeen', 'femm', 'le', 'libr', 'mariag', 'obten', 'passeport', 'pouvoir', 'prix', 'san', 'schengen', 'stress', 'tous', 'vis', 'vivr'];1
['00237', '0097466736389', '02', '05', '2', '21', '30', '652092708', '691279001', 'abov', 'accomod', 'adress', 'age', 'an', 'and', 'annuel', 'appel', 'avion', 'billet', 'cameroon', 'cameroun', 'com', 'cong', 'contrat', 'cv', 'day', 'dure', 'emploi', 'envoi', 'f015', 'femal', 'femm', 'fly', 'fre', 'féminin', 'gend', 'gratuit', 'heur', 'housemaid', 'job', 'jour', 'kind', 'koweït', 'leav', 'lieu', 'log', 'ménag', 'natur', 'nb', 'of', 'offer', 'offre', 'okoweitjob', 'overtim', 'pai', 'paid', 'plac', 'plus', 'qatar', 'renew', 'renouvel', 'servic', 'sex', 'suiv', 'supplémentair', 'ticket', 'to', 'transport', 'travail', 'typ', 'vis', 'with', 'work', 'yahoo', 'year'];1
['000', '1', '10', '2', '677873400', 'boulot', 'car', 'com', 'dubail', 'email', 'epongo', 'etc', 'femm', 'gmail', 'hotel', 'jour', 'le', 'max', 'nb', 'resto', 'samy', 'samyepongo', 'semain', 'serveux', 'skyp', 'tel', 'teleconseiller', 'uniqu', 'voyag'];1
['116', '4', '73030333', '73033699', '84', '94', '95', '_blank', 'a', 'agricultur', 'all', 'alway', 'amazed', 'among', 'and', 'are', 'be', 'careful', 'com', 'company', 'construct', 'contact', 'cred', 'deep', 'demand', 'director', 'efficient', 'email', 'employe', 'fax', 'field', 'for', 'forward', 'from', 'gas', 'general', 'giv', 'good', 'hav', 'help', 'high', 'hospitality', 'how', 'href', 'http', 'if', 'in', 'joint', 'jsc', 'lan', 'lana_vnmanpow', 'lead', 'leverag', 'm', 'manag', 'manpow', 'manufacturing', 'mobil', 'most', 'mov', 'nofollow', 'of', 'offer', 'oil', 'one', 'other', 'our', 'packag', 'pleas', 'precis', 'present', 'rang', 'recruitment', 'rel', 'rigorous', 'salary', 'screened', 'servic', 'skyp', 'staffing', 'stock', 'sufficient', 'suitabl', 'target', 'tel', 'they', 'thos', 'to', 'trading', 'transport', 'vietnam', 'vmst', 'vnhumanresourc', 'vnmanpow', 'warehousing', 'we', 'websit', 'whatev', 'wid', 'will', 'with', 'worker', 'workforc', 'yahoo', 'you', 'your'];1
['000fcfa', '1', '100', '2009', '2014', '21', '500', '673040903', '699308015', 'a', 'absten', 'affair', 'agenc', 'arab', 'arnaqu', 'aucun', 'autr', 'avion', 'besoin', 'billet', 'ceux', 'conf', 'contact', 'contraint', 'contrat', 'curieux', 'del', 'demand', 'depuis', 'direct', 'dispos', 'divers', 'dub', 'dubaï', 'e', 'emploi', 'encor', 'etud', 'expre', 'expérient', 'facilit', 'fonction', 'format', 'garant', 'in', 'incroi', 'job', 'jour', 'le', 'malad', 'mgta', 'nb', 'niveau', 'non', 'négoc', 'négoci', 'obten', 'obtent', 'ouvrabl', 'part', 'partn', 'permettent', 'person', 'plus', 'pren', 'privilégi', 'prix', 'profess', 'professionnel', 'projet', 'propos', 'propr', 'prêt', 'quelqu', 'r', 'rapid', 'relat', 'salair', 'san', 'si', 'sign', 'skyp', 'spécialis', 'sérieux', 'temp', 'tourist', 'tout', 'travail', 'tres', 'u', 'uniqu', 'unit', 'vis', 'visit', 'voyag', 'vrais', 'émirat', 'étud', 'évit'];1
['2em', '33', '678', '694751654', '77', '88', 'a', 'abord', 'acquer', 'aeroport', 'agenc', 'appart', 'apres', 'auss', 'avant', 'avoir', 'bel', 'bonjour', 'bordur', 'boudur', 'bref', 'catégor', 'central', 'cher', 'demand', 'disponibl', 'disposit', 'entré', 'fonction', 'gazetc', 'immatricul', 'krib', 'le', 'locat', 'mer', 'met', 'meubl', 'moment', 'nb', 'net', 'offert', 'photos', 'port', 'portion', 'pouv', 'press', 'prix', 'quelqu', 'raison', 'rout', 'répond', 'saac', 'servic', 'sit', 'superfic', 'terrain', 'tout', 'tronçon', 'vent', 'ver', 'vill', 'visit', 'vu', 'ère'];1
['3', '8880321321', '91', '_blank', 'a', 'abacus', 'about', 'access', 'advanced', 'agent', 'aggregat', 'airlin', 'all', 'also', 'amadeus', 'an', 'and', 'apollo', 'ar', 'are', 'associ', 'at', 'automated', 'availability', 'basically', 'be', 'best', 'between', 'booking', 'business', 'by', 'call', 'called', 'cameroon', 'can', 'car', 'cas', 'centralized', 'class', 'com', 'combinational', 'compan', 'company', 'computerized', 'connect', 'consolidat', 'consolidator', 'contain', 'customer', 'dat', 'databas', 'david', 'delivering', 'detail', 'different', 'distribu', 'distribut', 'doual', 'email', 'end', 'entir', 'entity', 'erp', 'etc', 'ever', 'finished', 'flight', 'for', 'from', 'galileo', 'gd', 'generated', 'generating', 'get', 'get_quot', 'global', 'go', 'growing', 'handling', 'hav', 'hold', 'hotel', 'href', 'html', 'http', 'hug', 'in', 'infin', 'info', 'inform', 'integr', 'is', 'it', 'journey', 'know', 'leading', 'lik', 'link', 'mad', 'major', 'manag', 'mathew', 'medium', 'mor', 'namely', 'network', 'no', 'nofollow', 'of', 'one', 'onlin', 'only', 'or', 'other', 'particular', 'passeng', 'pleas', 'plus', 'pnr', 'point', 'present', 'pricing', 'primary', 'process', 'profiling', 'project', 'provab', 'provid', 'provider', 'quot', 'rat', 'real', 'regard', 'rel', 'related', 'rental', 'reserv', 'sabr', 'searching', 'seat', 'sector', 'servic', 'shar', 'singl', 'so', 'softwar', 'such', 'system', 'target', 'technosoft', 'that', 'the', 'them', 'ther', 'thes', 'thre', 'through', 'tim', 'to', 'togeth', 'transact', 'travel', 'traveller', 'travelportaldevelopment', 'turn', 'ultimat', 'us', 'used', 'user', 'various', 'vendor', 'vis', 'whenev', 'wher', 'which', 'who', 'whol', 'with', 'within', 'work', 'worldspan', 'worldwid', 'www', 'you'];1
['00237697265043', '8million', 'appel', 'avoir', 'cfa', 'circul', 'desir', 'espac', 'espagnol', 'europ', 'fait', 'franc', 'homm', 'inform', 'le', 'libr', 'mariag', 'offre', 'papi', 'plus', 'san', 'schengen', 'souc', 'tous', 'veuill', 'vis', 'vivr', 'voyag'];1
['1', '190', '2', '2015', '22', '3', '4', '5', '6', '65', 'a', 'acquis', 'ains', 'an', 'anglais', 'anthony', 'approuv', 'atout', 'atteindr', 'attest', 'autr', 'avis', 'avoir', 'baccalauréat', 'bien', 'bon', 'bureau', 'cadr', 'canad', 'catégor', 'cci', 'certificat', 'cet', 'ci', 'cit', 'com', 'comit', 'commun', 'condit', 'confondus', 'cop', 'corp', 'curriculum', 'cv', 'demand', 'dessous', 'diplôm', 'directeur', 'disponibl', 'distinct', 'e', 'effectu', 'embauch', 'emploi', 'enfanc', 'enti', 'entre', 'envoi', 'examen', 'expérient', 'fond', 'fourn', 'franc', 'gmail', 'général', 'ident', 'immigr', 'immédiat', 'inscript', 'insert', 'inspect', 'intermédiair', 'jeun', 'lak', 'lanc', 'le', 'lettr', 'mail', 'mond', 'moral', 'motiv', 'nation', 'national', 'ni', 'object', 'onu', 'organ', 'organis', 'parl', 'part', 'particip', 'pay', 'personnel', 'photo', 'piec', 'plus', 'plusieur', 'pnud', 'possibl', 'postul', 'professionnel', 'programm', 'promot', 'propos', 'rac', 'recrut', 'rendus', 'rogerlain02', 'san', 'savoir', 'secrétariat', 'servic', 'sex', 'si', 'sign', 'suff', 'system', 'territoir', 'them', 'titulair', 'tout', 'travail', 'travaillon', 'uni', 'unicef', 'vita', 'voyag', 'être'];1
['1', '12', '3', '9662288752', 'a', 'and', 'bulk', 'buy', 'call', 'clean', 'com', 'cooking', 'dhokl', 'easy', 'essential', 'for', 'heating', 'idli', 'idlis', 'in', 'is', 'kitchen', 'lid', 'order', 'patr', 'plat', 'pot', 'provided', 'quick', 'sav', 'stainless', 'steam', 'steel', 'that', 'the', 'tim', 'to', 'us', 'vis', 'vision0570', 'vision2max', 'wash', 'www', 'your'];1
['accueil', 'achat', 'action', 'actual', 'adapt', 'administr', 'adopt', 'adress', 'aller', 'anticip', 'appliqu', 'apport', 'argument', 'arriv', 'assur', 'attent', 'attitud', 'autour', 'autr', 'besoin', 'bien', 'bon', 'caiss', 'chaleur', 'charg', 'check', 'client', 'com', 'commercial', 'comport', 'compt', 'con', 'confi', 'confort', 'contribu', 'cv', 'del', 'depuis', 'des', 'dev', 'différent', 'disponibil', 'disposit', 'docu', 'doit', 'don', 'durabl', 'déchet', 'départ', 'développ', 'easydodo', 'easydodohotel', 'effectu', 'encaissement', 'energ', 'engag', 'environ', 'envoi', 'esprit', 'factur', 'fair', 'fidélis', 'fonction', 'fond', 'ger', 'gmail', 'général', 'hotel', 'hygien', 'hôtel', 'ibis', 'imag', 'incend', 'initi', 'intern', 'irréproch', 'jam', 'jusqu', 'le', 'li', 'lieu', 'lm', 'long', 'marqu', 'mati', 'meilleur', 'merc', 'mis', 'mission', 'moment', 'motiv', 'méti', 'object', 'oper', 'optimis', 'out', 'permanent', 'person', 'personnalis', 'peut', 'polit', 'possibil', 'possibl', 'prend', 'prennent', 'prestat', 'principal', 'pris', 'procédur', 'product', 'propret', 'préven', 'qualit', 'quantit', 'reception', 'recevoir', 'recyclag', 'regl', 'relat', 'remarqu', 'respect', 'respons', 'réalis', 'récept', 'répons', 'réserv', 'satisfact', 'savoir', 'selon', 'servic', 'simpliqu', 'sort', 'styl', 'suiv', 'sécur', 'séjour', 'techniqu', 'tout', 'travail', 'tri', 'typ', 'valeur', 'valoris', 'veil', 'vent', 'véhicul', 'économ', 'établ', 'éventuel', 'être'];1
['0', '02', '10', '30', '40', '48h', '5', '7640313', 'affili', 'argent', 'bon', 'chez', 'cliqu', 'clixsens', 'com', 'depuis', 'dollar', 'enquêt', 'facil', 'fair', 'fait', 'fiabl', 'filleul', 'gagn', 'inscriv', 'inutil', 'jeux', 'jou', 'lien', 'maison', 'meilleur', 'mois', 'mond', 'opportun', 'ordin', 'pai', 'perd', 'plus', 'pouv', 'ptc', 'recev', 'recrut', 'revenus', 'rien', 'smartphon', 'sous', 'temp', 'term', 'travaill', 'vi', 'www'];1
['694983784', 'agent', 'comm', 'dub', 'emploi', 'entretien', 'ouvri', 'recrut', 'simpl', 'tel', 'vast', 'vis'];1
['2500', 'accompagn', 'adult', 'afin', 'benefici', 'besoin', 'bours', 'cadr', 'canad', 'cfbe', 'commiss', 'contuni', 'cv', 'demand', 'distinct', 'endroit', 'enti', 'envoi', 'etud', 'etudi', 'fédéral', 'inscript', 'inscrir', 'jeun', 'lanc', 'le', 'leur', 'mail', 'mond', 'national', 'net', 'ni', 'part', 'poursuivr', 'programm', 'rac', 'répondr', 'san', 'secretariat', 'secretary', 'secrétariat', 'sex', 'suff', 'tout', 'travaill', 'unesco', 'universitair', 'vis', 'voul', 'éduc', 'étranger', 'étud', 'étudi'];1
['2016', 'adress', 'avis', 'bours', 'bénéfici', 'cadr', 'canad', 'cfbe', 'cv', 'demand', 'envoi', 'inscript', 'jeun', 'mail', 'net', 'programm', 'secretariat', 'secretary', 'sécrétariat', 'unesco', 'étud'];1
['2500', 'accompagn', 'adult', 'afin', 'benefici', 'besoin', 'bours', 'cadr', 'canad', 'cfbe', 'commiss', 'contuni', 'cv', 'demand', 'distinct', 'endroit', 'enti', 'envoi', 'etud', 'fédéral', 'inscript', 'inscrir', 'jeun', 'lanc', 'le', 'leur', 'mail', 'mond', 'national', 'net', 'ni', 'part', 'poursuivr', 'programm', 'rac', 'répondr', 'san', 'secretariat', 'secretary', 'secrétariat', 'sex', 'suff', 'tout', 'unesco', 'universitair', 'vis', 'voul', 'éduc', 'étranger', 'étud', 'étudi'];1
['20', '25', 'adress', 'an', 'bas', 'cet', 'commercial', 'consomm', 'cv', 'distribu', 'doual', 'entre', 'envoi', 'fill', 'fort', 'fr', 'garcon', 'hotess', 'hôtess', 'la_lettr', 'limit', 'mbed', 'nb', 'nombr', 'négoci', 'plac', 'produit', 'recherch', 'salair', 'travail', 'urgent', 'yahoo', 'âgé'];1
['650660475', '699463542', 'absten', 'aller', 'apre', 'blagueur', 'fait', 'mop', 'obtent', 'pai', 'si', 'sign', 'turqu', 'vis', 'voul', 'voyag'];1
['49', '57', '696', '73', 'ambiti', 'ancien', 'apres', 'bas', 'bureau', 'candidatur', 'chaqu', 'com', 'comm', 'commercial', 'contact', 'cosmet', 'cv', 'côt', 'distribu', 'doual', 'envoi', 'essai', 'etc', 'femm', 'homm', 'honnêt', 'hôtess', 'independ', 'indépend', 'jour', 'km5', 'le', 'maison', 'march', 'mois', 'motiv', 'mr', 'nkoulouloum', 'nouvel', 'organicsc', 'pai', 'pharmac', 'plac', 'plus', 'point', 'possibil', 'produit', 'quelqu', 'rail', 'recherch', 'rejoindr', 'reper', 'rout', 'salair', 'situ', 'societ', 'spécialis', 'station', 'sérieux', 'tant', 'texaco', 'transport', 'vendr', 'ver', 'yahoo', 'équip'];1
['additionnel', 'articl', 'com', 'garant', 'http', 'instant', 'internet', 'p2970', 'parcour', 'perdr', 'plus', 'press', 'revenu', 'rien', 'sit', 'travail', 'vieactu', 'visit', 'web'];1
['_blank', 'a', 'all', 'alongsid', 'and', 'bedroom', 'chang', 'changing', 'com', 'comfort', 'company', 'connot', 'easy', 'else', 'four', 'href', 'http', 'is', 'letter', 'loaf', 'nam', 'nic', 'nofollow', 'nothing', 'now', 'of', 'offering', 'our', 'peopl', 'product', 're', 'rel', 'rememb', 'room', 'roomy', 'sam', 'sleep', 'snug', 'sof', 'target', 'that', 'the', 'thesleeproom', 'thing', 'thos', 'thought', 'to', 'tw100212031822', 'we', 'with', 'www'];1
['01', '03', '05', '10', '2016', '22543655565', '2an', '2semain', '3', '950', 'abidjan', 'actuel', 'afriqu', 'an', 'anglais', 'appar', 'apres', 'asi', 'auto', 'autr', 'autrich', 'avion', 'avoir', 'bac', 'bas', 'billet', 'bon', 'bât', 'central', 'charg', 'civil', 'comm', 'commerc', 'contact', 'cour', 'côt', 'demandon', 'dev', 'dir', 'dossi', 'dub', 'dur', 'dépot', 'elle', 'emploi', 'emplois', 'entrepris', 'eupor', 'europ', 'fait', 'gen', 'greec', 'informat', 'infos', 'ivoir', 'jusqu', 'le', 'log', 'mai', 'merc', 'moin', 'mois', 'moral', 'mécan', 'oportun', 'opportun', 'parl', 'passeport', 'pay', 'physiqu', 'placment', 'plus', 'possibl', 'prend', 'procédur', 'qatar', 'ressort', 'récrut', 'salair', 'salut', 'secteur', 'selon', 'simpl', 'structur', 'sued', 'suiv', 'tel', 'tous', 'tout', 'tres', 'trouv', 'valabl', 'valid', 'veut', 'vit', 'vont', 'zon'];1
['1', '1984', '20', '2016', '27', '3', '32', '51', '59', '654', '694', '70', '72', '93', 'a', 'academic', 'after', 'age', 'agricultur', 'and', 'arabic', 'are', 'at', 'bank', 'be', 'born', 'but', 'chines', 'cit', 'citizenship', 'closing', 'continued', 'country', 'dat', 'degre', 'desired', 'development', 'doctoral', 'e', 'economic', 'educ', 'eligibl', 'engineering', 'english', 'experient', 'field', 'financ', 'fluency', 'following', 'for', 'french', 'full', 'health', 'i', 'in', 'is', 'july', 'languag', 'least', 'level', 'mast', 'memb', 'minimum', 'mor', 'natural', 'not', 'octob', 'of', 'one', 'onlin', 'oper', 'or', 'other', 'phd', 'planning', 'portugues', 'professional', 'proficiency', 'program', 'public', 'registr', 'related', 'relev', 'requir', 'required', 'resourc', 'russian', 'scienc', 'social', 'spanish', 'specializ', 'study', 'such', 'technical', 'the', 'to', 'universitair', 'university', 'urban', 'wbg', 'working', 'world', 'yaound', 'year', 'young'];1
['2', '25', '250', '50', 'accueil', 'an', 'arab', 'assur', 'car', 'certificat', 'contrat', 'débours', 'emploi', 'euro', 'housemaid', 'hôtess', 'log', 'médical', 'nourr', 'offre', 'passeport', 'recherch', 'rien', 'salair', 'saud', 'scann', 'structur', 'travaill', 'voyag'];1
['01', '19', '229', '81', '99', 'a', 'accept', 'adress', 'afriqu', 'ample', 'anné', 'attest', 'auss', 'bureau', 'candidatur', 'certificat', 'cet', 'chart', 'chômag', 'conform', 'contact', 'contr', 'cop', 'curriculum', 'cv', 'différent', 'diplôm', 'direct', 'disposit', 'domain', 'dossi', 'droit', 'décid', 'dépos', 'emplois', 'engag', 'expliqu', 'femm', 'fourn', 'handicap', 'ident', 'le', 'lettr', 'lutt', 'mail', 'membr', 'mond', 'motiv', 'nation', 'national', 'onu', 'optiqu', 'organis', 'organisationonu', 'person', 'peuvent', 'photo', 'piec', 'postul', 'pouv', 'quel', 'recrut', 'recruteur', 'rendus', 'ru', 'servic', 'tous', 'tout', 'travail', 'typ', 'uni', 'veuill', 'vigour', 'vita', 'whatsapp', 'zon', 'état'];1
['694983784', 'dub', 'emploi', 'moin', 'securit', 'simpl', 'tel', 'temp', 'tout', 'turqu', 'vis', 'voyag'];1
['1', '2', '678759521', '696671886', 'berceux', 'besoin', 'bien', 'carri', 'cit', 'com', 'comm', 'contact', 'cristalsgroup', 'devront', 'dir', 'elle', 'email', 'facebook', 'fill', 'gmail', 'habit', 'lieu', 'ménager', 'pag', 'pouv', 'recrut', 'recruton', 'résident', 'servic', 'travail', 'travaill', 'vert', 'vouloir'];1
['0', '000', '0000000000000000000000000000000', '04', '1', '100', '10h00', '120', '150', '160', '18h00', '2', '20', '2016', '237', '25', '30', '5', '50', '6', '60', '65', '673485325', '694469420', '75', '8', '80', 'anguiss', 'appart', 'assi', 'avanc', 'avril', 'barri', 'biyem', 'cameroun', 'camerounmaison', 'carrefour', 'carrel', 'carrosel', 'chambr', 'com', 'cuisin', 'disponibl', 'distanc', 'donts', 'douch', 'eldorado', 'emombo', 'escal', 'et', 'express', 'f', 'gardien', 'haut', 'heur', 'immeubl', 'jour', 'jouvenc', 'keraw', 'kondengui', 'loi', 'lou', 'lund', 'lyc', 'maetur', 'maison', 'mangui', 'mois', 'mouafo', 'neuf', 'ngousso', 'nkomo', 'nsam', 'o', 'parking', 'pavel', 'pied', 'piscin', 'placard', 'pmd', 'poin', 'promoteur', 'propr', 'resident', 'rond', 'rout', 'salon', 'samed', 'servic', 'sol', 'sorci', 'standing', 'téléphon', 'vip', 'www', 'yaound', 'éme'];1
